{
    "0": {
        "0": [49.838046, 24.015991],
        "1": [49.840571, 24.020877],
        "2": [49.838662, 24.022663],
        "3": [49.836753, 24.019218]
    }
}